TIME,TIMETICK,FPOGX,FPOGY,FPOGD,FPOGV,
0.21367,5185103750686,0.35764,0.07608,0.21366,1,
0.44333,5185104242952,0.35719,0.23855,0.21324,1,
0.88715,5185105194291,0.34717,0.25597,0.42740,1,
1.19928,5185105863325,0.43840,0.32922,0.29580,1,
1.56071,5185106638062,0.43395,0.31669,0.34505,1,
1.85622,5185107271452,0.08138,0.23264,0.22974,1,
2.18468,5185107975521,0.10175,0.21173,0.31180,1,
2.62881,5185108927516,0.11760,0.19134,0.42738,1,
3.03912,5185109806984,0.12774,0.26272,0.39404,1,
3.36765,5185110511183,0.15693,0.21590,0.31197,1,
3.87725,5185111603516,0.08399,0.51050,0.44349,1,
4.15620,5185112201438,0.07651,0.43561,0.26273,1,
4.58362,5185113117588,0.06970,0.41286,0.40917,1,
4.83007,5185113645850,0.07650,0.53070,0.23006,1,
5.38863,5185114843116,0.05810,0.60230,0.54241,1,
5.66772,5185115441381,0.07522,0.58623,0.26290,1,
6.17692,5185116532799,0.10038,0.73595,0.49277,1,
6.68652,5185117625124,0.86828,0.87014,0.44370,1,
7.49151,5185119350598,0.86898,0.87176,0.78632,1,
7.85289,5185120125211,0.08427,0.41772,0.24612,1,
8.41148,5185121322543,0.06348,0.16348,0.49310,1,
9.13422,5185122871742,0.10131,0.23825,0.70618,1,
10.18594,5185125126069,0.07541,0.52741,0.69011,1,
10.44868,5185125689240,0.06602,0.45361,0.24648,1,
10.95776,5185126780472,0.07700,0.42524,0.49299,1,
11.51654,5185127978197,0.06890,0.65668,0.49301,1,
11.86166,5185128717963,0.08346,0.73900,0.32903,1,
12.07529,5185129175868,0.05448,0.62161,0.19760,1,
12.14042,5185129315466,0.06824,0.53187,0.04801,1,
12.66663,5185130443408,0.11812,0.27104,0.46027,1,
13.06068,5185131288037,0.06181,0.72007,0.32878,1,
13.30709,5185131816206,0.07878,0.69464,0.22947,1,
13.66858,5185132591039,0.06696,0.66556,0.34498,1,
13.89872,5185133084348,0.08929,0.67968,0.21377,1,
14.40783,5185134175617,0.06411,0.49279,0.44376,1,
14.72121,5185134847366,0.09120,0.47999,0.29707,1,
14.99908,5185135442955,0.06491,0.34493,0.26286,1,
15.36066,5185136218008,0.08012,0.31014,0.34487,1,
16.11663,5185137838393,0.08867,0.65627,0.64081,1,
16.83947,5185139387796,0.07764,0.40732,0.65746,1,
18.03881,5185141958547,0.10567,0.77768,1.03507,1,
18.48224,5185142909041,0.83628,0.88183,0.37796,1,
18.66285,5185143296166,0.69999,0.73088,0.16418,1,
19.09009,5185144211946,0.10058,0.22742,0.36168,1,
19.50082,5185145092373,0.08422,0.24216,0.39424,1,
19.86230,5185145867188,0.07359,0.45514,0.29500,1,
20.60221,5185147453155,0.07965,0.39285,0.72373,1,
20.76646,5185147805248,0.07924,0.37527,0.14857,1,
21.37392,5185149107326,0.08682,0.52773,0.39439,1,
21.71876,5185149846456,0.07336,0.51007,0.32875,1,
21.96524,5185150374794,0.06841,0.41525,0.23005,1,
22.27737,5185151043863,0.08757,0.38341,0.29613,1,
22.58929,5185151712461,0.08150,0.21355,0.24653,1,
22.83559,5185152240355,0.06283,0.33872,0.22962,1,
23.19823,5185153017666,0.05244,0.48054,0.29662,1,
23.77222,5185154248029,0.07097,0.62465,0.50925,1,
24.15015,5185155058110,0.07578,0.59938,0.36139,1,
24.97285,5185156821560,0.10823,0.75810,0.75742,1,
25.34914,5185157628142,0.13477,0.70906,0.36130,1,
25.64548,5185158263307,0.06204,0.43687,0.23055,1,
25.94077,5185158896249,0.11282,0.33853,0.22978,1,
26.30230,5185159671194,0.08460,0.68396,0.29565,1,
26.56522,5185160234767,0.09738,0.61286,0.24635,1,
27.10720,5185161396473,0.87330,0.86822,0.42715,1,
27.48492,5185162206111,0.09178,0.17971,0.26269,1,
27.83005,5185162945893,0.03594,0.07687,0.27930,1,
28.14251,5185163615648,0.12034,0.20538,0.24659,1,
28.73376,5185164883007,0.15877,0.17282,0.57508,1,
28.88219,5185165201148,0.17219,0.23248,0.13205,1,
29.37465,5185166256730,0.07847,0.43046,0.32609,1,
30.09736,5185167805836,0.16963,0.20271,0.65722,1,
30.57367,5185168826808,0.08514,0.16165,0.45985,1,
30.90308,5185169532881,0.12213,0.22210,0.31286,1,
31.14862,5185170059190,0.15548,0.26232,0.23014,1,
32.15069,5185172207110,0.07876,0.40411,0.93633,1,
32.56179,5185173088310,0.11557,0.41868,0.39441,1,
32.87587,5185173761527,0.10314,0.34271,0.29775,1,
33.15314,5185174355848,0.10377,0.29500,0.26341,1,
33.48159,5185175059882,0.08836,0.22208,0.31218,1,
33.99092,5185176151616,0.04680,0.54307,0.44356,1,
34.63136,5185177524376,0.07023,0.71462,0.57480,1,
35.02586,5185178370018,0.09324,0.72177,0.37787,1,
35.15712,5185178651353,0.07080,0.57717,0.11493,1,
36.07740,5185180623939,0.16068,0.65493,0.75588,1,
36.50428,5185181538949,0.04118,0.62286,0.36140,1,
36.71786,5185181996742,0.05410,0.40142,0.19672,1,
37.07926,5185182771437,0.04977,0.22736,0.29558,1,
37.45708,5185183581276,0.13480,0.22580,0.36115,1,
38.06515,5185184884652,0.03926,0.61891,0.54140,1,
38.39350,5185185588464,-0.06828,1.14837,0.26250,1,
38.60694,5185186045968,0.02936,1.07066,0.19707,1,
38.91933,5185186715588,0.04537,0.59775,0.24625,1,
39.05061,5185186996948,-0.01340,0.51727,0.11482,1,
39.54359,5185188053651,0.82033,0.86787,0.32854,1,
39.98728,5185189004715,0.87655,0.85893,0.42722,1,
40.44724,5185189990635,0.84922,0.89848,0.44337,1,
40.74308,5185190624765,0.08468,0.31142,0.23016,1,
40.97298,5185191117558,0.06744,0.13422,0.21355,1,
41.51495,5185192279231,0.08101,0.12877,0.52539,1,
41.68041,5185192633909,0.09863,0.23247,0.14874,1,
42.13955,5185193618050,0.16139,0.26319,0.24634,1,
42.53352,5185194462503,0.20887,0.20185,0.37790,1,
43.25648,5185196012170,0.29369,0.14215,0.65729,1,
43.55222,5185196646091,0.31417,0.18672,0.27930,1,
43.81504,5185197209433,0.34052,0.15732,0.24614,1,
43.91372,5185197420974,0.27409,0.22936,0.08234,1,
44.25970,5185198162547,0.07666,0.40575,0.28049,1,
44.66927,5185199040477,0.06071,0.44968,0.39433,1,
44.96514,5185199674674,0.04869,0.49401,0.27946,1,
45.35935,5185200519654,0.06457,0.44814,0.37794,1,
46.36279,5185202670490,0.08557,0.42952,0.98697,1,
46.80499,5185203618344,0.07830,0.58493,0.37791,1,
47.11726,5185204287685,0.10443,0.67002,0.24657,1,
47.38012,5185204851114,0.06596,0.60649,0.24658,1,
47.74177,5185205626323,0.05675,0.56037,0.34541,1,
48.18552,5185206577500,0.07265,0.74606,0.37808,1,
48.53028,5185207316485,0.08186,0.52971,0.27925,1,
48.87513,5185208055666,0.83778,0.86351,0.27940,1,
49.58154,5185209569807,0.86705,0.89454,0.69016,1,
49.99241,5185210450535,0.07762,0.49903,0.34529,1,
50.20609,5185210908535,0.05698,0.31745,0.19717,1,
50.50175,5185211542262,0.01002,0.09282,0.23009,1,
50.78144,5185212141785,0.04246,0.14030,0.26320,1,
51.06033,5185212739580,0.09752,0.16881,0.26143,1,
51.43813,5185213549416,0.10095,0.15491,0.36142,1,
51.91445,5185214570382,0.09346,0.15074,0.45885,1,
52.53884,5185215908736,0.04213,0.17339,0.60800,1,
52.93299,5185216753603,0.04773,0.15635,0.37773,1,
53.17960,5185217282206,0.09471,0.14953,0.23016,1,
53.42588,5185217810108,0.08865,0.25075,0.23004,1,
54.00105,5185219042962,0.07067,0.41112,0.50937,1,
54.23093,5185219535718,0.03583,0.20040,0.21344,1,
54.57644,5185220276312,0.02868,0.19019,0.32892,1,
54.92097,5185221014783,0.07649,0.54215,0.27930,1,
55.52956,5185222319319,0.07374,0.38725,0.54286,1,
55.85726,5185223021736,0.07778,0.31646,0.31194,1,
56.12034,5185223585640,0.10829,0.25470,0.19710,1,
56.51427,5185224430025,0.01841,0.12292,0.32838,1,
56.82642,5185225099114,0.03735,0.47784,0.24548,1,
57.43429,5185226402051,0.06245,0.50609,0.44337,1,
58.22306,5185228092790,0.07404,0.47591,0.77223,1,
58.65009,5185229008115,0.06246,0.61729,0.36121,1,
59.25806,5185230311297,0.08126,0.63963,0.59164,1,
59.79987,5185231472635,0.10758,0.76612,0.52522,1,
60.17831,5185232283818,0.10255,0.72591,0.36183,1,
60.50681,5185232987962,0.04535,0.48034,0.26309,1,
61.01630,5185234080032,0.07801,0.48626,0.49295,1,
61.41038,5185234924733,0.07355,0.44676,0.37816,1,
61.98524,5185236156934,0.07652,0.39609,0.55861,1,
62.19875,5185236614594,0.05303,0.22440,0.19720,1,
62.67536,5185237636194,0.01028,0.11527,0.46027,1,
63.11887,5185238586872,0.06323,0.56011,0.37814,1,
63.57883,5185239572773,0.07845,0.63370,0.44362,1,
64.05607,5185240595734,0.07993,0.58308,0.46085,1,
64.35104,5185241227985,0.02840,0.23485,0.22990,1,
64.72880,5185242037691,0.04403,0.13113,0.36124,1,
65.10728,5185242848979,0.12472,0.24611,0.36220,1,
65.51737,5185243728004,0.15446,0.22983,0.39426,1,
65.79925,5185244332208,0.18580,0.18642,0.26553,1,
66.58503,5185246016517,0.21920,0.25255,0.57344,1,
67.11112,5185247144159,0.20312,0.19489,0.50972,1,
67.58836,5185248167105,0.13400,0.24455,0.46104,1,
67.89979,5185248834670,0.08140,0.16533,0.24651,1,
68.29388,5185249679391,0.18593,0.20942,0.37816,1,
68.72088,5185250594646,0.24151,0.21810,0.41045,1,
69.18085,5185251580623,0.05794,0.44933,0.39342,1,
69.77287,5185252849571,0.04600,0.54610,0.52611,1,
70.41319,5185254222097,0.08038,0.67360,0.62369,1,
70.84020,5185255137383,0.07878,0.76427,0.41063,1,
71.28390,5185256088448,0.04171,0.57549,0.37781,1,
71.84255,5185257285904,0.05821,0.51541,0.54234,1,
72.56533,5185258835174,0.06376,0.40999,0.55876,1,
73.18945,5185260172955,0.07175,0.68806,0.55858,1,
73.48537,5185260807284,0.07298,0.76265,0.27931,1,
73.89591,5185261687265,0.85752,0.87655,0.29486,1,
74.66814,5185263342523,0.89200,0.87358,0.75591,1,
74.73371,5185263483072,0.86408,0.80182,0.04919,1,
75.24300,5185264574721,0.08625,0.24869,0.39424,1,
75.48939,5185265102829,0.14575,0.12073,0.22972,1,
75.76868,5185265701519,0.23074,0.21160,0.26172,1,
76.21253,5185266652873,0.23910,0.15079,0.37782,1,
76.47535,5185267216228,0.20152,0.20994,0.24663,1,
76.85323,5185268026204,0.06887,0.39893,0.31226,1,
77.13354,5185268627053,0.06316,0.48438,0.26392,1,
77.42809,5185269258407,0.03521,0.55114,0.27951,1,
77.72404,5185269892775,0.02609,0.58632,0.27946,1,
77.95405,5185270385788,0.06079,0.63728,0.21379,1,
78.29885,5185271124875,0.07423,0.75878,0.27931,1,
79.05550,5185272746754,0.04893,0.53222,0.69112,1,
79.48183,5185273660570,0.07688,0.71097,0.21281,1,
79.92565,5185274611892,0.06948,0.73735,0.42738,1,
80.33665,5185275492834,0.06387,0.61177,0.39478,1,
81.00976,5185276935656,0.06455,0.40881,0.60809,1,
81.37080,5185277709541,0.04874,0.49746,0.34465,1,
81.65037,5185278308782,0.06458,0.51657,0.26288,1,
82.01151,5185279082896,0.11034,0.57392,0.29552,1,
82.43896,5185279999117,0.08197,0.46601,0.40794,1,
82.93153,5185281054916,0.08807,0.42256,0.47610,1,
83.44111,5185282147216,0.26678,0.20833,0.44215,1,
83.65450,5185282604624,0.16553,0.34265,0.19705,1,
84.22967,5185283837475,0.06257,0.54590,0.50948,1,
84.52541,5185284471397,0.11582,0.82678,0.23015,1,
84.88668,5185285245772,0.83000,0.81639,0.29561,1,
85.28098,5185286090945,0.85429,0.90450,0.37599,1,
86.23397,5185288133656,0.86059,0.94285,0.93648,1,
86.51305,5185288731875,0.81165,0.92500,0.26260,1,
87.13743,5185290070203,0.06948,0.40993,0.50679,1,
87.56451,5185290985647,0.04536,0.36690,0.41051,1,
87.91047,5185291727212,0.06021,0.39163,0.32959,1,
89.17449,5185294436625,0.03830,0.59589,1.05127,1,
89.56872,5185295281617,-0.03994,1.17279,0.27736,1,
90.07833,5185296373959,0.07348,0.70541,0.44359,1,
90.66976,5185297641698,0.09148,0.76151,0.57503,1,
90.93415,5185298208392,0.06366,0.58675,0.24802,1,
91.29394,5185298979606,0.07879,0.55970,0.34503,1,
91.50759,5185299437564,0.18730,0.35588,0.19733,1,
91.78716,5185300036807,0.15662,0.31650,0.21419,1,
92.08241,5185300669683,0.06445,0.64628,0.22984,1,
92.80521,5185302219006,0.05614,0.65937,0.70657,1,
93.05196,5185302747899,0.03427,0.60582,0.23024,1,
93.36393,5185303416597,0.02964,0.58522,0.29587,1,
93.67620,5185304085948,0.01830,0.52233,0.29607,1,
93.98817,5185304754624,0.12494,0.71265,0.24628,1,
94.41534,5185305670259,0.07152,0.60244,0.36143,1,
94.87579,5185306657239,0.06460,0.65494,0.44383,1,
95.35189,5185307677749,0.83698,0.87231,0.36140,1,
95.64785,5185308312122,0.86951,0.86700,0.23027,1,
96.51800,5185310177277,0.86912,0.86681,0.85403,1,
96.78098,5185310741000,0.86846,0.89621,0.24619,1,
97.32336,5185311903550,0.85180,0.97574,0.52576,1,
98.35830,5185314121948,0.86627,0.94315,1.01845,1,
99.06448,5185315635624,0.87162,0.94516,0.68970,1,
99.55741,5185316692222,0.86232,0.98279,0.47604,1,
100.01722,5185317677803,0.08224,0.58020,0.34482,1,
100.41178,5185318523545,0.04516,0.52075,0.37801,1,
100.74033,5185319227785,0.05616,0.55782,0.31203,1,
101.36456,5185320565797,0.85376,0.85910,0.46011,1,
101.43032,5185320706773,0.91555,0.82134,0.04938,1,
101.82597,5185321554832,0.85024,0.85960,0.28075,1,
102.23544,5185322432495,0.07100,0.19245,0.34476,1,
102.64664,5185323313942,0.06080,0.11394,0.34567,1,
102.99122,5185324052502,0.11207,0.12343,0.32878,1,
103.27024,5185324650598,0.19506,0.20055,0.26262,1,
103.50022,5185325143537,0.12549,0.30021,0.21315,1,
103.87846,5185325954285,0.08043,0.37690,0.36169,1,
104.27239,5185326798677,0.11416,0.36044,0.37646,1,
104.55172,5185327397422,0.11524,0.34698,0.26276,1,
105.17626,5185328736116,0.05544,0.16144,0.55881,1,
105.81808,5185330111850,0.06644,0.15642,0.62584,1,
106.24435,5185331025545,0.07677,0.18358,0.41141,1,
106.58891,5185331764086,0.06784,0.16933,0.32867,1,
106.99953,5185332644284,0.06516,0.53722,0.34454,1,
107.39407,5185333489934,0.09661,0.50226,0.37782,1,
108.31419,5185335462199,0.07208,0.64644,0.90379,1,
108.92207,5185336765178,0.07354,0.72982,0.34457,1,
109.34884,5185337679963,0.09923,0.69266,0.41072,1,
109.95693,5185338983401,0.06099,0.59678,0.59100,1,
110.56455,5185340285812,0.06567,0.49300,0.59055,1,
110.92612,5185341060827,0.74152,0.79758,0.24646,1,
111.23846,5185341730334,0.07092,0.34038,0.24649,1,
111.50115,5185342293405,0.08442,0.38911,0.24660,1,
111.81327,5185342962435,0.11283,0.40392,0.29576,1,
112.07616,5185343525916,0.09941,0.32799,0.24654,1,
112.55268,5185344547352,0.04038,0.16182,0.46002,1,
112.91410,5185345322029,0.07421,0.18085,0.34505,1,
113.17785,5185345887362,0.09461,0.15700,0.24751,1,
113.40740,5185346379405,0.18441,0.26425,0.21411,1,
113.85036,5185347328895,0.26359,0.19451,0.27785,1,
114.12977,5185347927796,0.09736,0.23302,0.21381,1,
114.44195,5185348596934,0.13025,0.18151,0.29561,1,
114.86895,5185349512204,0.25766,0.21583,0.36134,1,
115.29609,5185350427786,0.06923,0.39871,0.36116,1,
115.60827,5185351096944,0.07421,0.44182,0.29558,1,
116.28185,5185352540734,0.11365,0.39401,0.65726,1,
116.65984,5185353350957,0.11382,0.35830,0.36143,1,
117.20203,5185354513141,0.12391,0.36799,0.52597,1,
117.76031,5185355709776,0.05466,0.55196,0.49265,1,
117.99053,5185356203285,0.04680,0.65652,0.21355,1,
118.49972,5185357294717,0.10211,0.75464,0.49272,1,
118.96142,5185358284363,0.08511,0.67464,0.44543,1,
119.25562,5185358914970,0.05334,0.60099,0.27956,1,
119.53463,5185359513005,0.02596,0.40587,0.21333,1,
119.94592,5185360394595,0.04006,0.10444,0.34549,1,
120.17554,5185360886793,0.16275,0.15924,0.21326,1,
120.75365,5185362125989,0.23815,0.22022,0.56174,1,
121.06248,5185362787938,0.03456,0.46164,0.24525,1,
121.30895,5185363316253,0.04297,0.51116,0.22966,1,
121.81846,5185364408354,0.05887,0.66651,0.24646,1,
122.17974,5185365182767,0.10014,0.74393,0.34497,1,
122.85432,5185366628708,0.87036,0.85727,0.55978,1,
123.09995,5185367155223,0.81290,0.89147,0.23042,1,
123.39559,5185367788907,0.10254,0.26205,0.22998,1,
123.77338,5185368598717,0.04809,0.13304,0.31215,1,
124.18420,5185369479295,0.09388,0.19194,0.39436,1,
124.46333,5185370077590,0.16300,0.22536,0.26288,1,
125.00539,5185371239491,0.19034,0.22473,0.52557,1,
125.36716,5185372014941,0.21902,0.21116,0.34509,1,
125.71198,5185372754051,0.04344,0.37665,0.27960,1,
126.00854,5185373389712,0.04502,0.28777,0.22998,1,
126.43496,5185374303753,0.08564,0.61740,0.36153,1,
126.76345,5185375007860,0.05802,0.62677,0.31238,1,
127.04275,5185375606522,0.06489,0.72803,0.26305,1,
127.56886,5185376734226,0.07910,0.79759,0.50978,1,
127.86408,5185377367050,0.05709,0.47196,0.23013,1,
128.45618,5185378636179,0.03385,0.74252,0.52501,1,
128.76755,5185379303635,0.04515,0.43652,0.24628,1,
129.04678,5185379902178,0.04330,0.38798,0.21352,1,
129.26083,5185380360964,0.05833,0.57133,0.19728,1,
129.49042,5185380853040,0.08090,0.75864,0.21236,1,
129.91779,5185381769152,0.07334,0.76274,0.41081,1,
130.26251,5185382508072,0.07488,0.60311,0.27910,1,
130.73917,5185383529718,0.06877,0.60189,0.45996,1,
131.08420,5185384269310,0.06315,0.66830,0.32875,1,
131.65891,5185385501188,0.06263,0.62554,0.55840,1,
131.89084,5185385998326,0.06467,0.58051,0.21533,1,
132.13632,5185386524500,0.03260,0.41283,0.23097,1,
132.36563,5185387016065,0.06412,0.43902,0.21367,1,
132.59549,5185387508734,0.07006,0.41985,0.21367,1,
133.08878,5185388566111,0.05726,0.22544,0.42754,1,
133.36783,5185389164243,0.13727,0.15615,0.21353,1,
133.64758,5185389763864,0.18051,0.17358,0.26378,1,
133.91003,5185390326410,0.17620,0.17571,0.24686,1,
134.30566,5185391174440,0.04811,-0.00611,0.32991,1,
134.81335,5185392262696,0.05642,0.41544,0.24634,1,
135.20758,5185393107734,0.04168,0.44194,0.37796,1,
135.76605,5185394304804,0.06504,0.52166,0.54164,1,
136.25903,5185395361482,0.06061,0.55147,0.47618,1,
136.34122,5185395537662,0.08764,0.66086,0.06558,1,
136.71930,5185396348062,0.00022,1.26370,0.26277,1,
137.27853,5185397546735,0.07427,0.61697,0.34579,1,
137.57339,5185398178811,0.07061,0.63495,0.27917,1,
137.85278,5185398777634,0.07259,0.69562,0.26308,1,
138.80569,5185400820221,0.07433,0.78185,0.93636,1,
139.18338,5185401629777,0.07087,0.55121,0.31203,1,
139.42987,5185402158112,0.32099,0.78033,0.17938,1,
139.75854,5185402862594,0.86242,0.84743,0.26292,1,
139.97211,5185403320363,0.78929,0.68180,0.19644,1,
140.25119,5185403918575,0.09814,0.22983,0.21358,1,
140.59668,5185404659141,0.02905,0.14449,0.27957,1,
140.89209,5185405292355,0.02854,0.12719,0.27904,1,
141.31918,5185406207811,0.15235,0.19433,0.36127,1,
141.64761,5185406911831,0.13791,0.38581,0.21361,1,
141.99265,5185407651393,0.05310,0.42671,0.32880,1,
142.22287,5185408144876,0.08410,0.59419,0.21381,1,
142.43640,5185408602537,0.07752,0.43118,0.19589,1,
142.86356,5185409518159,0.03907,0.21013,0.36172,1,
143.42200,5185410715173,0.05336,0.48368,0.49275,1,
143.63541,5185411172611,0.05093,0.62853,0.19693,1,
144.17770,5185412335023,0.06515,0.65990,0.52545,1,
144.47427,5185412970710,0.08955,0.53107,0.28012,1,
145.11423,5185414342440,0.08256,0.52744,0.42708,1,
145.42624,5185415011191,0.07912,0.62681,0.29543,1,
145.83710,5185415891866,0.07988,0.75404,0.34499,1,
146.19821,5185416665946,0.01707,0.39874,0.24435,1,
146.60907,5185417546601,0.04294,0.44506,0.39409,1,
147.26627,5185418955271,0.07504,0.32642,0.19691,1,
147.67688,5185419835412,0.10568,0.73045,0.34488,1,
148.10403,5185420751019,0.84539,0.88792,0.31216,1,
148.69568,5185422019198,0.87771,0.86813,0.57524,1,
148.90903,5185422476542,0.74040,0.71399,0.19542,1,
149.20493,5185423110732,0.04749,0.20631,0.23019,1,
149.58267,5185423920480,0.03448,0.13025,0.36142,1,
150.28891,5185425434291,0.09330,0.46455,0.64047,1,
150.63397,5185426173883,0.10471,0.44586,0.32822,1,
151.11087,5185427196116,0.06935,0.53989,0.46027,1,
151.37384,5185427759780,0.09577,0.53461,0.24669,1,
151.67068,5185428396080,0.05382,0.44147,0.28072,1,
151.91541,5185428920604,0.03953,0.48977,0.22989,1,
152.22778,5185429590191,0.13312,0.80889,0.24660,1,
152.67114,5185430540539,0.86429,0.82531,0.37762,1,
153.01648,5185431280780,0.02434,0.14550,0.23022,1,
153.45996,5185432231383,-0.00132,0.06685,0.42720,1,
153.83768,5185433040974,0.02591,0.07435,0.36122,1,
154.06805,5185433534771,0.11655,0.11026,0.21217,1,
154.51273,5185434487916,0.19773,0.18948,0.37926,1,
154.84225,5185435194280,0.03369,0.34410,0.26514,1,
155.25070,5185436069779,0.08062,0.42628,0.34392,1,
155.59555,5185436808921,0.11297,0.60570,0.27919,1,
155.89127,5185437442817,0.08564,0.56865,0.22998,1,
156.40152,5185438536512,0.07056,0.63828,0.49367,1,
156.89352,5185439591117,0.04121,0.17740,0.42694,1,
157.15646,5185440154745,0.10548,0.20622,0.24654,1,
158.17621,5185442340572,0.10119,0.78272,0.95401,1,
158.83194,5185443746082,0.05458,0.59965,0.44299,1,
159.14575,5185444418754,0.09075,0.61434,0.29723,1,
159.40683,5185444978367,0.09907,0.54996,0.24640,1,
159.73569,5185445683277,0.79759,0.85874,0.21355,1,
160.03149,5185446317296,0.04233,0.33654,0.23032,1,
160.27792,5185446845514,0.03593,0.34140,0.23016,1,
160.55731,5185447444415,0.06217,0.36594,0.26303,1,
160.86917,5185448112845,0.08551,0.43780,0.29576,1,
161.36224,5185449169763,0.09362,0.53415,0.47668,1,
161.67435,5185449838752,0.10011,0.24581,0.24579,1,
162.05222,5185450648689,0.85287,0.86910,0.31216,1,
162.44672,5185451494321,0.03924,0.14037,0.27962,1,
162.85718,5185452374108,0.09305,0.15756,0.39438,1,
163.10315,5185452901348,0.06282,0.25427,0.22952,1,
163.53043,5185453817209,0.07143,0.43715,0.36137,1,
163.59604,5185453957872,0.07344,0.33767,0.04913,1,
164.07269,5185454979554,0.02368,0.18103,0.41083,1,
164.45078,5185455789977,0.09222,0.46728,0.31247,1,
164.87769,5185456705058,0.09314,0.43368,0.41049,1,
165.19006,5185457374604,-0.00881,0.24079,0.24603,1,
165.25668,5185457517381,-0.08181,0.23931,0.05045,1,
165.64975,5185458359906,0.08160,0.53010,0.32855,1,
165.92929,5185458959118,0.10773,0.53258,0.26312,1,
166.29050,5185459733386,0.07255,0.52495,0.34286,1,
166.63586,5185460473637,0.08435,0.60272,0.32913,1,
166.91516,5185461072308,0.07666,0.65101,0.26312,1,
167.24371,5185461776539,0.06144,0.60520,0.31226,1,
167.45724,5185462234245,0.02984,0.46074,0.19641,1,
167.75293,5185462868068,0.03854,0.36562,0.27927,1,
168.50903,5185464488767,0.09779,0.38694,0.73984,1,
169.03415,5185465614320,0.07895,0.57441,0.26141,1,
169.54361,5185466706372,0.08026,0.77678,0.44373,1,
169.80780,5185467272660,0.12191,0.73687,0.24780,1,
170.30023,5185468328128,0.85531,0.84312,0.42807,1,
170.72656,5185469241967,0.87403,0.85572,0.40991,1,
171.25287,5185470370109,0.07565,0.22588,0.46106,1,
171.58179,5185471075120,0.07239,0.14670,0.31332,1,
171.81094,5185471566322,0.04034,0.22972,0.21396,1,
172.15585,5185472305638,0.07727,0.42592,0.27948,1,
172.86194,5185473819099,0.07447,0.53441,0.68973,1,
173.50256,5185475192313,0.05814,0.61931,0.62158,1,
174.04498,5185476354937,0.09768,0.62749,0.52554,1,
174.32437,5185476953821,0.05011,0.38968,0.21350,1,
174.61990,5185477587306,0.04175,0.21041,0.23010,1,
174.93207,5185478256429,0.05117,0.20355,0.29575,1,
175.26083,5185478961118,0.07835,0.27152,0.31232,1,
175.63852,5185479770658,0.07701,0.28998,0.36139,1,
176.06543,5185480685754,0.03596,0.38457,0.41031,1,
176.44373,5185481496613,0.05092,0.39102,0.36151,1,
176.83768,5185482341066,0.06505,0.56237,0.32840,1,
177.19925,5185483116068,0.11076,0.58413,0.34515,1,
177.33173,5185483400070,0.11544,0.56150,0.11612,1,
177.77454,5185484349216,0.06852,0.32761,0.22876,1,
178.07016,5185484982865,0.09751,0.37750,0.27960,1,
178.89160,5185486743611,0.08239,0.74425,0.75592,1,
179.25433,5185487521082,0.11459,0.73301,0.34628,1,
179.51572,5185488081353,0.08266,0.65833,0.24646,1,
179.81125,5185488714859,0.09808,0.63941,0.27917,1,
180.28796,5185489736700,0.10299,0.64527,0.45950,1,
180.60007,5185490405677,0.06555,0.30047,0.19724,1,
181.09286,5185491461997,0.07881,0.30266,0.47647,1,
181.34146,5185491994808,0.07988,0.26823,0.23212,1,
181.81583,5185493011645,0.09162,0.62218,0.41064,1,
182.19382,5185493821818,0.09066,0.61231,0.36166,1,
182.45633,5185494384554,0.07611,0.51380,0.24646,1,
182.90012,5185495335778,0.11190,0.52788,0.42715,1,
183.17920,5185495933972,0.10119,0.50402,0.26276,1,
183.50809,5185496638928,-0.01566,0.05053,0.21359,1,
183.78729,5185497237403,-0.00062,0.07265,0.26273,1,
184.11594,5185497941861,0.08503,0.45894,0.21381,1,
184.44434,5185498645757,0.08423,0.45880,0.31204,1,
184.77301,5185499350318,0.01971,0.32186,0.21341,1,
185.00302,5185499843326,0.06832,0.44433,0.21375,1,
185.29962,5185500479086,0.10407,0.58949,0.28046,1,
185.82425,5185501603595,0.10895,0.30676,0.26266,1,
186.02145,5185502026305,0.19549,0.44119,0.08215,1,
186.35037,5185502731327,0.05360,0.11210,0.26291,1,
186.59634,5185503258580,-0.01842,0.17482,0.22748,1,
186.99100,5185504104516,0.08124,0.55499,0.32886,1,
187.68088,5185505583251,0.09628,0.76851,0.62436,1,
188.04193,5185506357140,0.06346,0.75810,0.34473,1,
188.48566,5185507308298,0.09013,0.76218,0.42697,1,
189.73447,5185509985118,0.11964,0.77372,1.23221,1,
190.26059,5185511112829,0.09366,0.58192,0.46060,1,
190.55576,5185511745505,0.12553,0.59472,0.27936,1,
191.08151,5185512872490,0.07590,0.53145,0.50925,1,
191.44290,5185513647084,0.05109,0.24780,0.29562,1,
191.85379,5185514527839,0.07095,0.63436,0.34500,1,
192.03485,5185514915915,0.32453,0.61435,0.16470,1,
192.42874,5185515760224,0.87091,0.87247,0.32855,1,
192.95425,5185516886633,0.89944,0.82760,0.50906,1,
193.36505,5185517767210,0.03277,0.17450,0.34500,1,
193.48242,5185518018780,0.04644,0.08042,0.05048,1,
193.80856,5185518717842,0.15742,0.18120,0.26263,1,
194.17020,5185519492989,0.11414,0.17827,0.34528,1,
194.41690,5185520021800,0.10048,0.12751,0.23010,1,
195.05737,5185521394655,0.15650,0.15992,0.52563,1,
195.35306,5185522028420,0.17943,0.21935,0.27872,1,
195.61597,5185522591978,0.09175,0.22524,0.24673,1,
196.07587,5185523577792,0.12475,0.54961,0.39236,1,
196.46985,5185524422283,0.09947,0.36753,0.32819,1,
197.11057,5185525795616,0.17428,0.41868,0.62387,1,
197.44101,5185526503899,0.14063,0.36177,0.31354,1,
197.78430,5185527239772,0.07462,0.43643,0.32870,1,
198.09860,5185527913491,0.09671,0.52609,0.29794,1,
198.50714,5185528789169,0.10619,0.43874,0.37772,1,
198.81927,5185529458204,0.11652,0.57415,0.29559,1,
199.19720,5185530268327,0.09635,0.53885,0.36142,1,
199.88718,5185531747262,0.15278,0.46975,0.67337,1,
200.15027,5185532311204,0.13733,0.51858,0.24640,1,
200.46213,5185532979670,0.09688,0.65716,0.24649,1,
200.88950,5185533895661,0.08487,0.62296,0.41104,1,
201.13568,5185534423386,0.12947,0.67494,0.22986,1,
201.71103,5185535656666,0.13406,0.64007,0.55902,1,
202.20361,5185536712505,0.16776,0.56758,0.47620,1,
202.53195,5185537416295,0.17739,0.56647,0.31174,1,
202.91006,5185538226758,0.09307,0.74712,0.31223,1,
203.35391,5185539178110,0.11931,0.76974,0.42737,1,
203.81369,5185540163642,0.75243,0.80005,0.19394,1,
204.17499,5185540938104,0.09061,0.61828,0.29538,1,
204.55286,5185541748018,0.05967,0.67024,0.36148,1,
204.65131,5185541959086,0.13857,0.73313,0.08176,1,
205.01450,5185542737552,0.86999,0.86482,0.29712,1,
205.22803,5185543195230,0.99146,0.70301,0.19870,1,
205.44006,5185543649739,0.92423,0.83893,0.19727,1,
205.91663,5185544671272,0.89010,0.91094,0.46008,1,
206.55713,5185546044177,0.87999,0.95543,0.62427,1,
206.80359,5185546572448,0.89373,0.87524,0.23001,1,
207.01950,5185547035251,0.75403,0.77021,0.19937,1,
207.62527,5185548333711,0.07489,0.54624,0.54208,1,
208.00278,5185549142895,0.13741,0.54664,0.36111,1,
208.57813,5185550376142,0.15595,0.47411,0.55884,1,
208.88995,5185551044557,0.17197,0.46563,0.29553,1,
209.16946,5185551643687,0.14648,0.37401,0.26282,1,
209.53113,5185552418869,0.02549,0.11355,0.29596,1,
209.77832,5185552948757,0.06322,0.15669,0.23099,1,
210.08929,5185553615294,0.07350,0.13274,0.29565,1,
210.51645,5185554530890,0.15715,0.24654,0.36115,1,
210.92746,5185555411889,0.20163,0.18552,0.39410,1,
211.14224,5185555872241,0.15750,0.34380,0.19623,1,
211.43671,5185556503476,0.05343,0.46370,0.23016,1,
211.66644,5185556995882,0.04275,0.48801,0.21353,1,
211.94556,5185557594167,0.07290,0.61745,0.26233,1,
212.22525,5185558193698,0.07437,0.70378,0.26266,1,
212.55362,5185558897560,0.08462,0.75138,0.31198,1,
212.89850,5185559636765,0.10810,0.71509,0.32825,1,
213.17804,5185560235997,0.15700,0.60757,0.26279,1,
213.60532,5185561151853,0.83623,0.87121,0.36139,1,
213.75290,5185561468138,0.78016,0.70277,0.13156,1,
214.08176,5185562173044,0.13220,0.32413,0.26334,1,
214.36069,5185562770948,0.07262,0.19017,0.26248,1,
214.65637,5185563404731,0.06063,0.15982,0.27887,1,
215.10019,5185564356072,0.00887,0.37630,0.37766,1,
215.62573,5185565482519,0.07906,0.75833,0.45972,1,
215.98737,5185566257677,0.04208,0.26506,0.29602,1,
216.51315,5185567384718,0.07920,0.25430,0.50922,1,
216.89096,5185568194514,0.05393,0.39999,0.36166,1,
217.30161,5185569074726,0.11632,0.50722,0.34479,1,
217.69586,5185569919804,0.11452,0.50086,0.37738,1,
217.95871,5185570483255,0.12582,0.49382,0.24646,1,
218.45267,5185571542036,0.14059,0.46695,0.47729,1,
218.87894,5185572455752,0.08119,0.37431,0.21152,1,
219.25659,5185573265234,0.04551,0.17913,0.31219,1,
219.53604,5185573864216,0.07695,0.23144,0.26288,1,
220.45596,5185575836036,0.08024,0.75956,0.85422,1,
221.14603,5185577315185,0.13085,0.75088,0.67361,1,
221.45886,5185577985731,0.10324,0.72001,0.29596,1,
222.42734,5185580061685,0.09935,0.77710,0.95303,1,
222.97070,5185581226344,0.07850,0.66309,0.52701,1,
223.33060,5185581997807,0.08180,0.44773,0.29541,1,
223.67575,5185582737629,0.04350,0.37901,0.32849,1,
224.23425,5185583934745,0.10075,0.42480,0.54208,1,
224.56299,5185584639399,0.08822,0.34414,0.31161,1,
224.89139,5185585343315,0.05075,0.20642,0.31195,1,
225.20349,5185586012306,0.08310,0.21032,0.24649,1,
225.64709,5185586963130,0.08268,0.20453,0.22778,1,
225.94321,5185587597871,0.09985,0.46629,0.23001,1,
226.33725,5185588442496,0.12675,0.50773,0.37793,1,
226.81387,5185589464160,0.11539,0.33711,0.40952,1,
227.30664,5185590520348,0.15281,0.34334,0.47379,1,
227.91422,5185591822672,0.21416,0.34977,0.59106,1,
228.21021,5185592457173,0.23089,0.30364,0.27875,1,
228.68686,5185593478817,0.07064,0.49890,0.41089,1,
229.18045,5185594536868,0.08279,0.53290,0.47760,1,
229.47537,5185595169000,0.12513,0.55579,0.27911,1,
229.75446,5185595767204,0.11823,0.52220,0.26297,1,
230.18195,5185596683564,0.06666,0.56050,0.41083,1,
230.46097,5185597281635,0.17406,0.53637,0.26282,1,
230.87195,5185598162543,0.19399,0.48486,0.39453,1,
231.44659,5185599394283,0.25475,0.49480,0.55814,1,
231.67657,5185599887212,0.24308,0.45383,0.21356,1,
232.03809,5185600662165,0.21300,0.37141,0.34491,1,
232.44882,5185601542556,0.14833,0.38130,0.39297,1,
232.71161,5185602105826,0.19148,0.40125,0.24652,1,
233.30325,5185603374007,0.08127,0.65936,0.50906,1,
233.58240,5185603972357,0.09215,0.58484,0.26279,1,
234.04251,5185604958577,0.12352,0.66581,0.39453,1,
234.81500,5185606614424,0.14329,0.57896,0.50800,1,
235.04468,5185607106716,0.12210,0.67714,0.21359,1,
235.86606,5185608867358,0.10686,0.77427,0.80505,1,
236.17831,5185609536634,0.15172,0.72060,0.29587,1,
236.49033,5185610205422,0.78418,0.80405,0.24640,1,
236.86823,5185611015449,0.05057,0.22645,0.31210,1,
237.47614,5185612318511,0.07580,0.17153,0.59161,1,
237.93588,5185613303934,0.16723,0.23234,0.44342,1,
238.23154,5185613937669,0.18104,0.23959,0.27844,1,
238.52737,5185614571841,0.12628,0.58682,0.22897,1,
238.79037,5185615135532,0.12112,0.53452,0.24667,1,
239.07129,5185615737654,0.11081,0.48810,0.21552,1,
239.36539,5185616368067,0.10634,0.57720,0.27945,1,
239.67755,5185617037203,0.08469,0.55835,0.29434,1,
240.18683,5185618128803,0.10759,0.60046,0.49298,1,
240.84390,5185619537242,0.09832,0.67694,0.64053,1,
241.25488,5185620418174,0.11103,0.69134,0.39438,1,
241.71436,5185621403074,0.10671,0.77236,0.44342,1,
242.02786,5185622075029,0.11372,0.77411,0.29700,1,
242.40460,5185622882564,0.09257,0.73713,0.36157,1,
242.66739,5185623445869,0.11692,0.71608,0.24615,1,
242.97946,5185624114801,0.09900,0.59865,0.24625,1,
243.48886,5185625206698,0.12895,0.60294,0.49307,1,
243.86667,5185626016488,0.11269,0.46281,0.36121,1,
244.16266,5185626650916,0.10982,0.23928,0.23016,1,
244.40903,5185627179015,0.15496,0.22097,0.23013,1,
244.70477,5185627812930,0.14850,0.26663,0.27945,1,
245.19760,5185628869294,0.08251,0.51295,0.42734,1,
245.54263,5185629608883,0.11313,0.48066,0.32880,1,
245.83832,5185630242712,0.09131,0.46084,0.27936,1,
246.10089,5185630805513,0.12384,0.48538,0.24631,1,
246.44614,5185631545524,0.10537,0.49226,0.32877,1,
246.84036,5185632390554,0.14117,0.56352,0.37772,1,
247.16901,5185633094967,0.14293,0.53096,0.31232,1,
247.76031,5185634362421,0.08743,0.46095,0.32861,1,
248.17090,5185635242499,0.08152,0.54148,0.39407,1,
248.41745,5185635771007,0.10217,0.55744,0.23010,1,
248.92728,5185636863823,0.10077,0.59275,0.49323,1,
249.50290,5185638097636,0.10312,0.70096,0.55862,1,
249.91263,5185638975900,0.10016,0.69088,0.39459,1,
250.61884,5185640489628,0.12327,0.80092,0.64050,1,
251.04602,5185641405310,0.09083,0.77085,0.41071,1,
251.37451,5185642109385,0.18045,0.81878,0.31219,1,
251.76859,5185642954095,0.81282,0.88488,0.32840,1,
252.14804,5185643767480,0.85340,0.85150,0.36075,1,
252.54117,5185644610153,0.09778,0.61866,0.32880,1,
252.78735,5185645137799,0.08080,0.52800,0.22934,1,
253.21478,5185646053982,0.11243,0.55627,0.41104,1,
253.64178,5185646969268,0.09976,0.44967,0.41058,1,
253.93750,5185647603126,0.05349,0.37736,0.22983,1,
254.15118,5185648061146,0.08339,0.30182,0.19708,1,
254.51392,5185648838691,0.08780,0.26407,0.34622,1,
254.95621,5185649786687,0.08351,0.37807,0.22870,1,
255.23511,5185650384564,0.10150,0.40274,0.21335,1,
255.53125,5185651019301,0.09783,0.32283,0.27927,1,
255.87823,5185651763061,0.01823,0.15018,0.28146,1,
256.13910,5185652322222,0.06628,0.22248,0.19717,1,
256.43466,5185652955766,0.00720,0.10455,0.27933,1,
256.66455,5185653448537,0.06039,0.22440,0.21353,1,
257.30527,5185654821916,0.04677,0.25243,0.62424,1,
257.42206,5185655072197,0.03622,0.34545,0.09985,1,
258.12735,5185656583988,0.09785,0.80181,0.64096,1,
258.66898,5185657744950,0.05385,0.61222,0.32663,1,
258.93167,5185658308079,0.12453,0.61030,0.24643,1,
259.52335,5185659576285,0.15503,0.61905,0.57294,1,
259.73709,5185660034472,0.10658,0.38398,0.19727,1,
260.19690,5185661020053,0.04269,0.17776,0.39459,1,
260.62411,5185661935766,0.10829,0.61726,0.31253,1,
261.18231,5185663132267,0.11704,0.56237,0.54196,1,
261.64270,5185664119089,0.17208,0.49136,0.44385,1,
261.90543,5185664682231,0.12669,0.42881,0.24631,1,
262.15170,5185665210103,0.10792,0.53191,0.23004,1,
262.48047,5185665914863,0.11831,0.44334,0.31207,1,
263.07190,5185667182584,0.16845,0.37158,0.57501,1,
263.59747,5185668309097,0.22618,0.33868,0.50879,1,
263.90973,5185668978416,0.28349,0.23320,0.24609,1,
264.56699,5185670387253,0.86502,0.91354,0.54242,1,
265.02704,5185671373355,0.86179,0.93861,0.44379,1,
265.22391,5185671795362,0.69678,0.71885,0.18057,1,
265.50345,5185672394563,0.03428,0.13314,0.21359,1,
265.76587,5185672957062,0.06521,0.17222,0.24625,1,
266.02899,5185673521051,0.06724,0.21061,0.24652,1,
266.40695,5185674331163,0.08626,0.19858,0.36166,1,
266.73529,5185675034945,0.13968,0.16579,0.31180,1,
266.93335,5185675459527,0.17960,0.23990,0.18094,1,
267.57343,5185676831466,0.20534,0.29139,0.42593,1,
267.86911,5185677465305,0.10076,0.46009,0.23044,1,
268.27960,5185678345170,0.02710,0.30290,0.34518,1,
268.62476,5185679085015,0.06331,0.36418,0.22986,1,
269.10114,5185680106083,0.11266,0.44551,0.46014,1,
269.46252,5185680880754,0.12041,0.60575,0.29584,1,
269.75824,5185681514628,0.06075,0.50019,0.23001,1,
270.07050,5185682183925,0.08678,0.50777,0.29590,1,
270.95770,5185684085645,0.12310,0.56700,0.77219,1,
271.43381,5185685106182,0.12011,0.17217,0.41034,1,
271.69672,5185685669706,0.18743,0.19872,0.24609,1,
272.40347,5185687184621,0.17918,0.19794,0.68921,1,
272.96191,5185688381639,0.08749,0.70140,0.29572,1,
273.25757,5185689015363,0.06152,0.65837,0.27914,1,
273.99670,5185690599665,0.09700,0.68237,0.72229,1,
274.60489,5185691903297,0.12600,0.60821,0.59137,1,
274.99921,5185692748509,0.15523,0.60998,0.37784,1,
275.31198,5185693418946,0.14093,0.63936,0.29636,1,
275.88647,5185694650361,0.13355,0.66689,0.36020,1,
276.51050,5185695987932,0.08795,0.77870,0.60782,1,
276.82275,5185696657272,0.06720,0.76676,0.29572,1,
277.28329,5185697644422,0.09479,0.78725,0.44412,1,
277.87424,5185698911110,0.06164,0.59551,0.32874,1,
278.33484,5185699898418,0.08250,0.76301,0.39474,1,
278.84338,5185700988469,0.06685,0.51724,0.39413,1,
279.35281,5185702080413,0.06588,0.45040,0.49319,1,
279.69757,5185702819353,0.09586,0.49552,0.32864,1,
279.92749,5185703312217,0.12351,0.44188,0.21365,1,
280.28922,5185704087556,0.17545,0.22585,0.24515,1,
280.66708,5185704897527,0.18012,0.18473,0.36154,1,
280.88159,5185705357309,0.21692,0.21082,0.19806,1,
281.20895,5185706059019,0.83108,0.86002,0.21344,1,
281.27490,5185706200359,0.77228,0.88783,0.04929,1,
281.61957,5185706939138,0.07382,0.46720,0.22983,1,
281.88257,5185707502887,0.02996,0.33045,0.24643,1,
282.11279,5185707996361,0.07613,0.37681,0.21338,1,
282.40836,5185708629912,0.13924,0.48582,0.22998,1,
282.75314,5185709368951,0.14557,0.45758,0.32852,1,
283.04980,5185710004816,0.02942,0.13848,0.23016,1,
283.41049,5185710777983,0.10512,0.12653,0.34528,1,
283.67313,5185711340929,0.17302,0.10681,0.24603,1,
284.03467,5185712115882,0.24657,0.21766,0.34332,1,
284.34848,5185712788535,0.06077,0.47978,0.24802,1,
284.57712,5185713278626,0.10628,0.53265,0.21381,1,
284.97150,5185714123973,0.08442,0.59272,0.37845,1,
285.44754,5185715144314,0.08651,0.65192,0.45978,1,
285.66144,5185715602800,0.10136,0.80357,0.19760,1,
285.98962,5185716306313,0.11178,0.82508,0.31216,1,
286.63025,5185717679449,0.08398,0.48053,0.57477,1,
286.90973,5185718278542,0.10324,0.55967,0.25888,1,
287.23853,5185718983285,0.05990,0.53616,0.31216,1,
287.48465,5185719510862,0.06834,0.59374,0.23010,1,
288.32291,5185721307659,0.09050,0.69020,0.82193,1,
289.04541,5185722856323,0.08689,0.79708,0.70642,1,
289.34125,5185723490436,0.08423,0.78376,0.27921,1,
289.86694,5185724617235,0.08339,0.77680,0.50952,1,
290.27890,5185725500258,0.81212,0.89884,0.29688,1,
290.93478,5185726906117,0.86295,0.90058,0.64069,1,
291.19772,5185727469786,0.87622,0.91576,0.24643,1,
291.50998,5185728139097,0.82922,0.95336,0.29602,1,
292.13589,5185729480703,0.08672,0.76888,0.51096,1,
292.41345,5185730075641,0.08103,0.23092,0.21371,1,
292.64343,5185730568600,0.08259,0.08759,0.21362,1,
293.08679,5185731518914,0.18156,0.14377,0.22989,1,
293.30035,5185731976723,0.08406,0.32215,0.19678,1,
293.62927,5185732681751,0.03174,0.39939,0.31241,1,
293.87570,5185733209935,0.07806,0.46120,0.23007,1,
294.10547,5185733702479,0.04935,0.35018,0.21335,1,
294.48367,5185734513160,0.01315,0.34758,0.36148,1,
295.15717,5185735956743,0.07626,0.60680,0.60822,1,
295.43622,5185736554908,0.02810,0.45243,0.26266,1,
295.84686,5185737435114,-0.02508,0.29757,0.34402,1,
296.17548,5185738139488,-0.01651,0.33506,0.31198,1,
296.47272,5185738776588,0.01288,0.34201,0.28079,1,
296.78336,5185739442435,0.06646,0.20687,0.29541,1,
297.04645,5185740006384,0.15656,0.17941,0.24677,1,
297.25986,5185740463812,0.15199,0.35639,0.19650,1,
297.73624,5185741484947,0.10288,0.63269,0.41092,1,
298.41040,5185742929987,0.10042,0.66891,0.65775,1,
298.77115,5185743703260,0.06466,0.55142,0.29553,1,
299.13242,5185744477597,0.08850,0.60495,0.34470,1,
299.67468,5185745639947,0.19248,0.72518,0.22983,1,
300.03638,5185746415247,0.85323,0.88778,0.29602,1,
300.52942,5185747472089,0.88647,0.91588,0.47693,1,
300.87433,5185748211374,0.11909,0.23324,0.23010,1,
301.35052,5185749232110,0.08001,0.20266,0.45987,1,
301.59677,5185749759946,0.08355,0.25686,0.22983,1,
301.90955,5185750430368,0.09857,0.24144,0.29492,1,
302.15543,5185750957419,0.13952,0.25138,0.22955,1,
302.53345,5185751767705,0.15617,0.21043,0.36127,1,
303.12491,5185753035480,0.05496,0.19558,0.57520,1,
303.58868,5185754029538,0.03716,0.18148,0.10086,1,
303.86392,5185754619496,-0.80082,0.33373,0.11490,1,
304.12808,5185755185772,-0.03681,0.48185,0.19778,1,
304.50488,5185755993427,0.07339,0.42225,0.36130,1,
304.93222,5185756909383,0.08513,0.43168,0.41074,1,
305.13040,5185757334201,0.10181,0.41541,0.18182,1,
305.95068,5185759092481,0.16218,0.35983,0.60526,1,
306.41339,5185760084266,0.18973,0.38297,0.44623,1,
307.03500,5185761416697,0.23232,0.37814,0.60806,1,
307.29752,5185761979354,0.24952,0.36569,0.24603,1,
307.64270,5185762719254,0.21821,0.39055,0.32870,1,
307.87265,5185763212188,0.18554,0.45133,0.21368,1,
308.23428,5185763987286,0.15035,0.51721,0.34488,1,
308.59558,5185764761751,0.06672,0.56087,0.34525,1,
308.98993,5185765607006,0.11585,0.53782,0.37778,1,
309.58133,5185766874687,0.05567,0.19103,0.52557,1,
309.81152,5185767368080,0.06964,0.34856,0.21362,1,
310.27106,5185768353084,0.05874,0.50892,0.39423,1,
310.76419,5185769410120,0.10415,0.41577,0.47528,1,
311.48724,5185770959949,0.17548,0.38327,0.70654,1,
311.73364,5185771488115,0.23659,0.44126,0.23022,1,
312.07825,5185772226761,0.30513,0.41911,0.32675,1,
312.62082,5185773389752,0.10049,0.75010,0.47662,1,
312.88330,5185773952406,0.07453,0.67100,0.24628,1,
313.34402,5185774939960,0.11469,0.65030,0.44394,1,
313.72125,5185775748524,0.13818,0.60849,0.36142,1,
313.90280,5185776137667,0.18708,0.66438,0.16498,1,
314.34564,5185777086875,0.14368,0.62382,0.23019,1,
314.73984,5185777931836,0.06135,0.72128,0.37753,1,
315.46268,5185779481225,0.06828,0.21157,0.65720,1,
315.74203,5185780080019,0.07438,0.16526,0.26266,1,
316.10358,5185780855015,0.85943,0.86158,0.29572,1,
316.39932,5185781488903,0.85353,0.91831,0.27942,1,
317.12204,5185783038068,0.85866,0.97394,0.70630,1,
317.59903,5185784060483,0.06973,0.72213,0.36182,1,
317.87766,5185784657723,0.06091,0.68551,0.21350,1,
318.45255,5185785889942,0.13665,0.76268,0.55820,1,
318.86383,5185786771580,0.02182,0.33945,0.29614,1,
319.14282,5185787369584,0.08156,0.23064,0.26291,1,
319.40582,5185787933318,-0.03102,-0.20624,0.19730,1,
319.98065,5185789165445,0.11376,0.25569,0.36139,1,
320.34192,5185789939843,0.18485,0.33499,0.32864,1,
320.78543,5185790890502,0.12518,0.57001,0.37762,1,
321.13077,5185791630702,0.15533,0.44646,0.22974,1,
321.49210,5185792405167,0.15114,0.41060,0.34515,1,
321.78790,5185793039234,0.15440,0.37828,0.27939,1,
322.06693,5185793637326,0.02094,0.12423,0.21338,1,
322.44476,5185794447223,0.01150,0.06683,0.36130,1,
322.78979,5185795186793,-0.00619,0.06570,0.32825,1,
323.00348,5185795644796,0.00105,0.30726,0.19705,1,
323.41498,5185796526871,0.10552,0.59305,0.34579,1,
323.70999,5185797159221,0.11675,0.55949,0.27951,1,
324.38336,5185798602578,0.12206,0.51981,0.65701,1,
325.07367,5185800082240,0.19695,0.54698,0.67389,1,
325.31979,5185800609827,0.16807,0.47613,0.22964,1,
325.77997,5185801596167,0.16518,0.40057,0.29584,1,
326.09207,5185802265185,0.19020,0.34351,0.24640,1,
326.37289,5185802867116,0.15629,0.39100,0.26450,1,
326.56870,5185803286765,0.06375,0.47061,0.08124,1,
326.92969,5185804060579,0.07931,0.66804,0.24597,1,
327.29153,5185804836156,0.12844,0.65116,0.34476,1,
327.65277,5185805610523,0.16362,0.66552,0.34518,1,
328.16211,5185806702275,0.16571,0.61796,0.49280,1,
328.49078,5185807406783,0.18492,0.52132,0.31210,1,
328.86862,5185808216678,0.17323,0.57892,0.36176,1,
329.09824,5185808708851,0.13034,0.68537,0.21176,1,
329.36139,5185809272905,0.16237,0.69180,0.19696,1,
329.83783,5185810294112,0.19701,0.49357,0.41068,1,
330.11700,5185810892515,0.15576,0.50198,0.26257,1,
330.37985,5185811455930,0.10290,0.65449,0.24625,1,
331.00409,5185812794002,0.09111,0.74273,0.60751,1,
331.23444,5185813287711,0.26828,0.75178,0.21396,1,
331.62869,5185814132808,0.86443,0.89891,0.32886,1,
331.95694,5185814836390,0.86440,0.88267,0.31189,1,
332.41699,5185815822517,0.06574,0.20687,0.34360,1,
332.84415,5185816738143,0.16473,0.27116,0.26196,1,
333.13968,5185817371573,0.09819,0.08028,0.22949,1,
333.40298,5185817935976,0.19886,0.16861,0.24628,1,
333.51944,5185818185570,0.22913,0.17273,0.09995,1,
333.91284,5185819028862,0.31043,0.21264,0.17963,1,
334.33926,5185819942890,0.17040,0.13371,0.21365,1,
334.56934,5185820436034,0.06548,0.21005,0.21344,1,
335.01535,5185821392036,0.09120,0.54095,0.33118,1,
335.44131,5185822305074,0.08714,0.66349,0.41165,1,
335.73578,5185822936285,0.04752,0.43402,0.21350,1,
336.08066,5185823675506,0.12959,0.64437,0.27917,1,
336.49139,5185824555948,0.14312,0.65479,0.39420,1,
336.72156,5185825049276,0.08740,0.74535,0.21353,1,
337.19800,5185826070542,0.84356,0.89148,0.36163,1,
337.95343,5185827689783,0.87594,0.88751,0.73920,1,
338.29871,5185828429881,0.08288,0.25526,0.23004,1,
338.62735,5185829134317,0.02569,0.04116,0.26300,1,
338.85706,5185829626683,0.09914,0.16903,0.21344,1,
339.15305,5185830261134,0.20579,0.18704,0.27817,1,
339.61304,5185831247137,0.27187,0.20101,0.44354,1,
340.00723,5185832092034,0.31367,0.24685,0.37732,1,
340.31931,5185832760997,0.30969,0.19752,0.29572,1,
340.64828,5185833466171,0.09250,0.17583,0.26328,1,
341.71576,5185835754237,0.06460,0.45014,1.00168,1,
342.17578,5185836740331,0.05746,0.52955,0.39426,1,
342.40564,5185837233012,0.06573,0.61503,0.21338,1,
342.96570,5185838433456,0.07374,0.66440,0.54333,1,
343.52304,5185839628111,0.12056,0.75794,0.54214,1,
344.34427,5185841388403,0.86692,0.88250,0.70642,1,
344.73883,5185842234149,0.08590,0.25633,0.23026,1,
345.08679,5185842980032,0.06141,0.08294,0.28241,1,
345.49438,5185843853689,0.06206,0.07362,0.39453,1,
345.77341,5185844451772,0.01981,0.11077,0.26224,1,
345.98740,5185844910435,-0.00417,-0.04727,0.19727,1,
346.11880,5185845192111,-0.04358,0.25021,0.06601,1,
346.46362,5185845931245,0.06946,0.47606,0.27954,1,
346.75998,5185846566421,0.09881,0.44961,0.28009,1,
347.40054,5185847939476,0.12135,0.39458,0.62460,1,
347.95886,5185849136204,0.18781,0.38038,0.54224,1,
348.50073,5185850297692,0.20693,0.38051,0.52563,1,
349.30615,5185852024098,0.18393,0.37484,0.78738,1,
349.65079,5185852762824,0.18311,0.33351,0.32858,1,
350.19293,5185853924899,0.11437,0.59419,0.47638,1,
350.62024,5185854840822,0.14082,0.51810,0.41071,1,
351.14566,5185855967048,0.18610,0.53653,0.31204,1,
351.59216,5185856924143,0.12242,0.68234,0.38013,1,
352.29593,5185858432633,0.11330,0.63158,0.68988,1,
352.82166,5185859559518,0.19770,0.64331,0.31073,1,
353.19913,5185860368636,0.20895,0.61326,0.36102,1,
353.72519,5185861496262,0.08643,0.77905,0.45981,1,
354.18491,5185862481648,0.14059,0.72583,0.44339,1,
354.62839,5185863432266,0.87546,0.82522,0.32813,1,
354.97430,5185864173710,0.88375,0.84800,0.32910,1,
355.31836,5185864911196,0.86019,0.92282,0.32672,1,
355.56509,5185865440053,0.81900,0.85908,0.22989,1,
356.00870,5185866390881,0.05294,0.09103,0.37793,1,
356.09137,5185866568148,0.03235,0.16050,0.06436,1,
356.64911,5185867763604,0.10083,0.32615,0.49249,1,
356.94498,5185868397797,0.11461,0.27036,0.27936,1,
357.20831,5185868962254,0.16168,0.26741,0.19739,1,
357.63516,5185869877196,0.07991,0.14494,0.36130,1,
358.11169,5185870898617,0.19661,0.24101,0.21225,1,
358.45648,5185871637672,0.23518,0.27344,0.32858,1,
358.73627,5185872237383,0.21533,0.25354,0.26334,1,
359.14636,5185873116449,0.03785,0.40599,0.34488,1,
359.37646,5185873609685,0.08872,0.57430,0.21140,1,
359.59204,5185874071745,0.07156,0.36464,0.19897,1,
360.14853,5185875264575,0.06792,0.22870,0.49280,1,
360.62521,5185876286333,0.04278,0.46852,0.41061,1,
361.24957,5185877624658,0.08777,0.72143,0.55762,1,
361.75888,5185878716328,0.06721,0.73923,0.49292,1,
362.35025,5185879983938,0.88073,0.86008,0.47653,1,
362.82663,5185881005012,0.89666,0.82288,0.46005,1,
363.20422,5185881814374,0.09421,0.32876,0.31195,1,
363.69748,5185882871664,0.09222,0.11383,0.42746,1,
364.12436,5185883786677,0.07857,0.21458,0.41074,1,
364.50211,5185884596384,0.11688,0.17286,0.36130,1,
364.91330,5185885477753,0.19140,0.22137,0.39456,1,
365.29095,5185886287291,0.25176,0.21243,0.36151,1,
365.60300,5185886956118,0.34706,0.21543,0.29553,1,
365.83322,5185887449613,0.29032,0.25097,0.21384,1,
366.14496,5185888117825,0.28999,0.22690,0.29535,1,
366.55591,5185888998662,0.33769,0.19988,0.39453,1,
367.06500,5185890089878,0.07585,0.19215,0.44327,1,
367.47601,5185890970922,0.08059,0.20924,0.39465,1,
367.83731,5185891745309,0.11823,0.15696,0.34479,1,
368.29901,5185892734961,0.21484,0.22712,0.44409,1,
368.77390,5185893752905,0.30710,0.24215,0.41071,1,
369.18655,5185894637409,0.02383,0.33515,0.34717,1,
369.44751,5185895196793,0.06405,0.39990,0.24680,1,
369.85785,5185896076290,0.14399,0.47083,0.39423,1,
370.61362,5185897696304,0.12944,0.30251,0.49112,1,
370.86032,5185898225104,0.13955,0.36336,0.23019,1,
371.28726,5185899140221,0.12706,0.46010,0.41046,1,
371.79660,5185900231990,0.03054,0.41889,0.44366,1,
372.15793,5185901006495,0.08315,0.60832,0.29575,1,
372.73309,5185902239366,0.09177,0.67922,0.55896,1,
373.01212,5185902837434,0.11133,0.68489,0.26279,1,
373.37366,5185903612405,0.08002,0.65391,0.34207,1,
373.62003,5185904140475,0.06329,0.64849,0.22968,1,
373.93222,5185904809687,0.08504,0.39127,0.24615,1,
374.01462,5185904986257,0.18833,0.46664,0.06610,1,
374.54016,5185906112763,0.88574,0.87305,0.40988,1,
374.95102,5185906993426,0.87381,0.88016,0.39429,1,
375.39453,5185907944124,0.05588,0.57015,0.32883,1,
375.69006,5185908577581,0.05916,0.49875,0.27905,1,
376.03555,5185909318101,0.02408,0.41763,0.32880,1,
376.28171,5185909845759,-0.00318,0.46258,0.22992,1,
376.49533,5185910303669,0.16298,0.58774,0.19711,1,
376.85645,5185911077663,0.86063,0.86861,0.29575,1,
377.43155,5185912310395,0.87221,0.86998,0.55835,1,
377.80933,5185913120197,0.07993,0.26131,0.31201,1,
378.05597,5185913648866,0.12079,0.24937,0.23007,1,
378.36829,5185914318264,0.14026,0.24384,0.29590,1,
378.58133,5185914774953,0.13533,0.14955,0.19708,1,
378.91049,5185915480496,0.17535,0.21319,0.31262,1,
379.15686,5185916008553,0.26006,0.26456,0.22992,1,
379.41953,5185916571588,0.34385,0.22409,0.24646,1,
379.69943,5185917171577,0.34754,0.19411,0.26361,1,
379.97833,5185917769401,0.37612,0.20032,0.26328,1,
380.33960,5185918543744,0.41905,0.26547,0.32864,1,
380.58612,5185919072171,0.33233,0.23278,0.23019,1,
380.86508,5185919670148,0.23379,0.21195,0.26300,1,
381.63712,5185921324937,0.35489,0.15633,0.50885,1,
381.94940,5185921994323,0.39796,0.17423,0.29407,1,
382.63959,5185923473732,0.03399,0.38161,0.32846,1,
383.31281,5185924916756,0.05082,0.52634,0.65674,1,
383.70700,5185925761718,0.05348,0.61534,0.37735,1,
383.98657,5185926360988,0.03818,0.40437,0.21326,1,
384.31522,5185927065431,0.03891,0.34783,0.31210,1,
384.80801,5185928121712,0.11086,0.44446,0.47650,1,
384.90671,5185928333291,0.12663,0.58081,0.08200,1,
385.38312,5185929354463,0.07128,0.74802,0.41058,1,
385.71173,5185930058846,0.03640,0.40869,0.26279,1,
385.99112,5185930657673,0.01295,0.32967,0.26309,1,
386.33600,5185931396938,0.06151,0.52858,0.27921,1,
386.59879,5185931960202,0.18185,0.28011,0.19724,1,
387.15735,5185933157503,0.36376,0.23271,0.49307,1,
387.74878,5185934425197,0.87669,0.86880,0.52490,1,
387.99530,5185934953590,0.81357,0.87676,0.22791,1,
388.30759,5185935622977,0.10237,0.23657,0.24652,1,
389.12851,5185937382603,0.06736,0.13451,0.80457,1,
389.35959,5185937877940,0.14736,0.15540,0.21436,1,
389.75314,5185938721501,0.25374,0.23439,0.22882,1,
390.14734,5185939566474,0.27930,0.20914,0.37778,1,
390.47604,5185940271053,0.27692,0.21588,0.31256,1,
390.75519,5185940869382,0.34716,0.20803,0.26273,1,
391.08401,5185941574203,0.41172,0.17370,0.31213,1,
391.41315,5185942279729,0.39676,0.16049,0.31293,1,
391.80679,5185943123484,0.09645,0.22531,0.32843,1,
392.10248,5185943757257,0.10334,0.29755,0.27933,1,
392.36548,5185944320989,0.03050,0.38882,0.24683,1,
392.61154,5185944848434,0.06274,0.38357,0.22968,1,
392.95670,5185945588289,0.08901,0.36592,0.32867,1,
393.28644,5185946295091,0.12624,0.42515,0.31335,1,
393.82755,5185947454951,0.08117,0.37426,0.32883,1,
394.12354,5185948089367,0.08633,0.39466,0.27921,1,
394.35303,5185948581259,0.05402,0.25821,0.21350,1,
394.69812,5185949320981,0.08273,0.22429,0.32861,1,
394.96121,5185949884925,0.13380,0.18769,0.24677,1,
395.32263,5185950659631,0.22627,0.23326,0.34491,1,
395.63437,5185951327825,0.28209,0.21888,0.29538,1,
396.02890,5185952173467,0.08904,0.59025,0.32874,1,
396.39020,5185952947920,0.10236,0.54965,0.34506,1,
396.68573,5185953581415,0.10404,0.59159,0.27896,1,
397.39227,5185955095855,0.09224,0.62885,0.68704,1,
397.83621,5185956047409,0.13742,0.62450,0.42740,1,
398.26349,5185956963283,0.14294,0.53895,0.36179,1,
398.72302,5185957948303,0.09760,0.70921,0.39407,1,
399.61044,5185959850488,0.11098,0.74102,0.87106,1,
400.03751,5185960765889,0.08457,0.70764,0.41080,1,
400.28394,5185961294078,0.09827,0.65423,0.23019,1,
400.51364,5185961786424,0.07422,0.44470,0.21332,1,
400.95715,5185962737132,0.08058,0.25200,0.37628,1,
401.26984,5185963407350,0.24472,0.26961,0.19742,1,
401.58191,5185964076295,0.26255,0.18180,0.29602,1,
401.84436,5185964638839,0.23218,0.13619,0.24615,1,
402.07449,5185965132111,0.26214,0.16678,0.21329,1,
402.32462,5185965668272,0.23173,0.16332,0.23380,1,
402.60025,5185966259074,0.05831,0.09553,0.21341,1,
402.81378,5185966716743,0.08209,0.35030,0.19727,1,
403.33945,5185967843523,0.07084,0.68544,0.45984,1,
403.93127,5185969112103,0.02496,1.23887,0.42722,1,
404.22736,5185969746714,0.19911,1.06626,0.23053,1,
404.62143,5185970591419,0.11392,0.61501,0.32916,1,
404.99866,5185971400024,0.28222,0.20597,0.31183,1,
405.27817,5185971999111,0.30365,0.23952,0.26263,1,
405.50797,5185972491689,0.41617,0.20264,0.21313,1,
405.73828,5185972985374,0.31381,0.23241,0.21213,1,
406.05188,5185973657579,0.22080,0.22204,0.29745,1,
406.23190,5185974043457,0.04048,0.08041,0.06558,1,
406.67471,5185974992576,-0.01639,-0.06127,0.32614,1,
406.93878,5185975558605,0.06949,0.11735,0.19836,1,
407.46442,5185976685330,0.06713,0.17029,0.26355,1,
408.07205,5185977987800,0.10679,0.65071,0.49237,1,
408.59656,5185979112023,0.15771,0.62024,0.50900,1,
409.30328,5185980626928,0.08421,0.65124,0.39273,1,
409.91104,5185981929589,0.09146,0.54804,0.59128,1,
410.33847,5185982845806,0.10456,0.51328,0.41101,1,
410.79843,5185983831725,0.07576,0.51918,0.44391,1,
411.02820,5185984324244,0.06449,0.32986,0.21152,1,
411.37393,5185985065296,0.09580,0.23297,0.32874,1,
411.70166,5185985767804,0.11432,0.17974,0.31213,1,
412.29327,5185987035876,0.23166,0.24621,0.47641,1,
412.70462,5185987917618,0.30028,0.24639,0.39487,1,
413.13077,5185988831035,0.38519,0.21751,0.41046,1,
413.59100,5185989817575,0.41588,0.15157,0.44370,1,
413.95248,5185990592399,0.07672,0.15913,0.29550,1,
414.21530,5185991155728,0.07269,0.17223,0.24612,1,
414.65872,5185992106155,0.23741,0.25275,0.32831,1,
415.11902,5185993092799,0.32058,0.20477,0.44382,1,
415.44745,5185993796797,0.39615,0.16378,0.31204,1,
415.84180,5185994642108,0.43648,0.15728,0.37711,1,
415.97476,5185994927102,0.44258,0.06440,0.11624,1,
416.38382,5185995803894,0.07177,0.39892,0.19595,1,
416.99185,5185997107199,0.08878,0.53226,0.54221,1,
417.42020,5185998025356,0.10673,0.46379,0.41077,1,
417.89548,5185999044086,0.06395,0.52957,0.46024,1,
418.27335,5185999854041,0.06515,0.59357,0.36160,1,
418.73334,5186000840064,0.07194,0.66946,0.44357,1,
419.07819,5186001579203,0.09944,0.59971,0.32849,1,
419.43951,5186002353734,0.16828,0.62444,0.34488,1,
419.66989,5186002847489,0.11719,0.69752,0.21387,1,
420.16245,5186003903251,0.10068,0.75840,0.47565,1,
420.39267,5186004396762,0.09859,0.63333,0.21375,1,
420.67184,5186004995198,0.08791,0.49454,0.26270,1,
420.93460,5186005558417,0.05309,0.46821,0.24615,1,
421.31229,5186006367958,0.10816,0.62687,0.31207,1,
421.52621,5186006826580,0.30564,0.68588,0.19653,1,
421.96957,5186007776807,0.85851,0.90102,0.37762,1,
422.28159,5186008445630,0.85514,0.88357,0.29535,1,
422.56119,5186009045008,0.87193,0.94826,0.26172,1,
423.34952,5186010734694,0.90147,0.94322,0.77179,1,
423.66159,5186011403713,0.84519,0.96584,0.29517,1,
424.00674,5186012143563,0.10732,0.78546,0.27917,1,
424.36826,5186012918418,0.09775,0.77867,0.34497,1,
424.97604,5186014221125,0.10165,0.49550,0.54205,1,
425.22238,5186014749232,0.12882,0.45442,0.22968,1,
425.64969,5186015665067,0.11250,0.40728,0.41058,1,
426.32327,5186017108949,0.11731,0.42637,0.65729,1,
427.01334,5186018588062,0.09072,0.76959,0.62433,1,
427.57175,5186019785052,0.06646,0.66745,0.54193,1,
427.83487,5186020348966,0.07290,0.64715,0.24652,1,
428.18015,5186021089075,0.08758,0.50737,0.32892,1,
428.65610,5186022109275,0.11904,0.45742,0.45953,1,
428.88712,5186022604448,0.12630,0.50210,0.21460,1,
429.42838,5186023764679,0.07169,0.41320,0.32764,1,
429.78976,5186024539298,0.12289,0.38503,0.34503,1,
430.00333,5186024997086,0.32470,0.50610,0.19519,1,
430.47983,5186026018489,0.87238,0.83395,0.41071,1,
430.72610,5186026546336,0.86361,0.83663,0.22882,1,
431.15341,5186027462230,0.24296,0.54346,0.35974,1,
431.43246,5186028060390,0.36829,0.49590,0.26276,1,
431.89267,5186029046861,0.47908,0.50910,0.44318,1,
432.59909,5186030561002,0.61648,0.54559,0.64075,1,
432.99301,5186031405391,0.66502,0.54457,0.37762,1,
433.84915,5186033240578,0.75975,0.59195,0.83929,1,
434.30746,5186034222899,0.77184,0.59861,0.44354,1,
434.99747,5186035701971,0.77445,0.62787,0.67340,1,
435.47421,5186036723783,0.79441,0.59967,0.46033,1,
435.83585,5186037498922,0.75990,0.63641,0.34552,1,
436.21347,5186038308429,0.79634,0.62344,0.34534,1,